é¢˜ç›®,Flag,ä¸€è¡€è·å¾—è€…,ç»„åˆ«,æäº¤æ—¶é—´
[tutorial-signin] ç­¾åˆ°ï¼ˆå›¯å†…ï¼‰,/,ä½ æ˜¯ä¸€è¢‹çŒ«ç²®,ï¼ˆæ–°ç”Ÿï¼‰,2024-10-12 12:01:25
[misc-trivia] æ¸…åŒ—é—®ç­”,/,Sweetlemon #å¥¹ä¸€å®šæ˜¯ä¸–ä¸Šæœ€å¹¸ç¦çš„å¥³å­©,,2024-10-12 15:21:25
[misc-trivia] æ¸…åŒ—é—®ç­”,Flag 1,cuxnap #ï¼ˆå›¯å…§ï¼‰,,2024-10-12 12:22:38
[misc-trivia] æ¸…åŒ—é—®ç­”,Flag 2,Sweetlemon #å¥¹ä¸€å®šæ˜¯ä¸–ä¸Šæœ€å¹¸ç¦çš„å¥³å­©,,2024-10-12 15:21:25
[misc-llm] å¤§æ¨¡å‹æ¨¡å‹è™è§†çœˆçœˆ,/,101001,,2024-10-12 12:42:52
[misc-llm] å¤§æ¨¡å‹æ¨¡å‹è™è§†çœˆçœˆ,50% 4.0ï¼Œ50% 0.0,101001,,2024-10-12 12:34:53
[misc-llm] å¤§æ¨¡å‹æ¨¡å‹è™è§†çœˆçœˆ,The Shawshank Redemption,101001,,2024-10-12 12:42:52
[misc-erail] æ–°ç©·é“é“,/,nynauy,,2024-10-13 16:06:46
[misc-sunshine] ç†™ç†™æ”˜æ”˜æˆ‘ä»¬çš„å¤©æ‰å§,/,Vursc #æ‘†çƒ‚,ï¼ˆæ–°ç”Ÿï¼‰,2024-10-16 11:08:15
[misc-sunshine] ç†™ç†™æ”˜æ”˜æˆ‘ä»¬çš„å¤©æ‰å§,Magic Keyboard,nynauy,,2024-10-12 18:13:12
[misc-sunshine] ç†™ç†™æ”˜æ”˜æˆ‘ä»¬çš„å¤©æ‰å§,Vision Pro,tpob #åè½å­™å±±ï¼,,2024-10-13 09:23:57
[misc-sunshine] ç†™ç†™æ”˜æ”˜æˆ‘ä»¬çš„å¤©æ‰å§,AirPods Max,Vursc #æ‘†çƒ‚,ï¼ˆæ–°ç”Ÿï¼‰,2024-10-16 11:08:15
[misc-mario] TASæ¦‚è®ºå¤§ä½œä¸š,/,Sweetlemon #å¥¹ä¸€å®šæ˜¯ä¸–ä¸Šæœ€å¹¸ç¦çš„å¥³å­©,,2024-10-15 13:19:03
[misc-mario] TASæ¦‚è®ºå¤§ä½œä¸š,ä½ è¿‡å…³,Fancia Dream #æ—©å®‰,,2024-10-12 16:47:00
[misc-mario] TASæ¦‚è®ºå¤§ä½œä¸š,åªæœ‰ç¥çŸ¥é“çš„ä¸–ç•Œ,Fancia Dream #æ—©å®‰,,2024-10-12 16:58:07
[misc-mario] TASæ¦‚è®ºå¤§ä½œä¸š,è¯—äººæ¡æŒ,Sweetlemon #å¥¹ä¸€å®šæ˜¯ä¸–ä¸Šæœ€å¹¸ç¦çš„å¥³å­©,,2024-10-15 13:19:03
[web-copy] éªŒè¯ç ,/,ä½ æ˜¯ä¸€è¢‹çŒ«ç²®,ï¼ˆæ–°ç”Ÿï¼‰,2024-10-12 13:01:18
[web-copy] éªŒè¯ç ,Hard,ä½ æ˜¯ä¸€è¢‹çŒ«ç²®,ï¼ˆæ–°ç”Ÿï¼‰,2024-10-12 12:07:03
[web-copy] éªŒè¯ç ,Expert,ä½ æ˜¯ä¸€è¢‹çŒ«ç²®,ï¼ˆæ–°ç”Ÿï¼‰,2024-10-12 13:01:18
[web-ppl] æ¦‚ç‡é¢˜ç›®æ¦‚ç‡è¿‡,/,ouuan #wpäº¤çš„pdfä½†åšå®¢æœ‰æºç ,,2024-10-14 21:41:54
[web-ppl] æ¦‚ç‡é¢˜ç›®æ¦‚ç‡è¿‡,å‰ç«¯å¼€å‘,ouuan #wpäº¤çš„pdfä½†åšå®¢æœ‰æºç ,,2024-10-14 21:32:30
[web-ppl] æ¦‚ç‡é¢˜ç›®æ¦‚ç‡è¿‡,åç«¯å¼€å‘,ouuan #wpäº¤çš„pdfä½†åšå®¢æœ‰æºç ,,2024-10-14 21:41:54
[web-memos] ICSç¬‘ä¼ ä¹‹æŸ¥æŸ¥è¡¨,/,Fancia Dream #æ—©å®‰,,2024-10-12 18:56:57
[web-manuallab] ICSç¬‘ä¼ ä¹‹æŠ„æŠ„æ¦œ,/,zhc7,,2024-10-18 17:44:44
[web-manuallab] ICSç¬‘ä¼ ä¹‹æŠ„æŠ„æ¦œ,å“ˆåŸºç‹®ä¼ å¥‡ä¹‹æˆ‘æ˜¯å¸¦ä½¬,Fancia Dream #æ—©å®‰,,2024-10-13 19:03:56
[web-manuallab] ICSç¬‘ä¼ ä¹‹æŠ„æŠ„æ¦œ,å“ˆåŸºç‹®ä¼ å¥‡ä¹‹æˆ‘æ˜¯ç‰¢å¸ˆ,zhc7,,2024-10-17 17:39:49
[web-manuallab] ICSç¬‘ä¼ ä¹‹æŠ„æŠ„æ¦œ,å“ˆåŸºç‹®ä¼ å¥‡ä¹‹æˆ‘æ˜¯å—¨å®¢,zhc7,,2024-10-18 17:44:44
[web-crx] å¥½è¯„è¿”çº¢åŒ…,/,ouuan #wpäº¤çš„pdfä½†åšå®¢æœ‰æºç ,,2024-10-14 13:13:52
[web-crx] å¥½è¯„è¿”çº¢åŒ…,å…‰æ™¯,ouuan #wpäº¤çš„pdfä½†åšå®¢æœ‰æºç ,,2024-10-14 02:01:34
[web-crx] å¥½è¯„è¿”çº¢åŒ…,ç™½çº¿,ouuan #wpäº¤çš„pdfä½†åšå®¢æœ‰æºç ,,2024-10-14 13:13:52
[binary-racecar] Fast Or Clever,/,LZDQ #ç‹—ä½2=äº†ï¼,ï¼ˆæ–°ç”Ÿï¼‰,2024-10-12 12:39:21
[binary-pymaster] ä»é›¶å¼€å§‹å­¦Python,/,LZDQ #ç‹—ä½2=äº†ï¼,ï¼ˆæ–°ç”Ÿï¼‰,2024-10-13 01:24:43
[binary-pymaster] ä»é›¶å¼€å§‹å­¦Python,æºç ä¸­é—ç•™çš„éšè—ä¿¡æ¯,noki,,2024-10-12 14:59:55
[binary-pymaster] ä»é›¶å¼€å§‹å­¦Python,å½±å“éšæœºæ•°çš„ç¥ç§˜åŠ›é‡,nynauy,,2024-10-12 20:03:24
[binary-pymaster] ä»é›¶å¼€å§‹å­¦Python,ç§‘å­¦å®¶è·å¾—çš„å®éªŒç»“æœ,LZDQ #ç‹—ä½2=äº†ï¼,ï¼ˆæ–°ç”Ÿï¼‰,2024-10-13 01:24:43
[binary-rtree] ç”Ÿæ´»åœ¨æ ‘ä¸Š,/,tony,,2024-10-15 01:43:57
[binary-rtree] ç”Ÿæ´»åœ¨æ ‘ä¸Š,Level 1,xqznhsr,,2024-10-13 17:00:35
[binary-rtree] ç”Ÿæ´»åœ¨æ ‘ä¸Š,Level 2,LZDQ #ç‹—ä½2=äº†ï¼,ï¼ˆæ–°ç”Ÿï¼‰,2024-10-14 01:02:39
[binary-rtree] ç”Ÿæ´»åœ¨æ ‘ä¸Š,Level 3,tony,,2024-10-15 01:43:57
[binary-bigint] å¤§æ•´æ•°ç±»,/,Fancia Dream #æ—©å®‰,,2024-10-15 19:55:00
[binary-bigint] å¤§æ•´æ•°ç±»,Flag 1,Fancia Dream #æ—©å®‰,,2024-10-15 19:36:12
[binary-bigint] å¤§æ•´æ•°ç±»,Flag 2,Fancia Dream #æ—©å®‰,,2024-10-15 19:55:00
[binary-saferustplus] å®Œç¾çš„ä»£ç ,/,tony,,2024-10-18 09:04:49
[binary-saferustplus] å®Œç¾çš„ä»£ç ,å‘ç°,å¤©é’ç‹¼,,2024-10-13 05:03:55
[binary-saferustplus] å®Œç¾çš„ä»£ç ,è§£å¯†,tony,,2024-10-18 09:04:49
[algo-complexity] æ‰“ç ´å¤æ‚åº¦,/,asmend,ï¼ˆæ–°ç”Ÿï¼‰,2024-10-12 12:26:32
[algo-complexity] æ‰“ç ´å¤æ‚åº¦,å…³äºSPFAâ€”å®ƒæ­»äº†,asmend,ï¼ˆæ–°ç”Ÿï¼‰,2024-10-12 12:13:56
[algo-complexity] æ‰“ç ´å¤æ‚åº¦,Dinicå¹¶éä¸‡èƒ½,asmend,ï¼ˆæ–°ç”Ÿï¼‰,2024-10-12 12:26:32
[algo-gzip] é‰´å®šç½‘ç»œçƒ­é—¨çƒ‚æ¢—,/,Fancia Dream #æ—©å®‰,,2024-10-14 19:15:12
[algo-gzip] é‰´å®šç½‘ç»œçƒ­é—¨çƒ‚æ¢—,è™šæ— ğŸ˜°,ouuan #wpäº¤çš„pdfä½†åšå®¢æœ‰æºç ,,2024-10-12 20:55:34
[algo-gzip] é‰´å®šç½‘ç»œçƒ­é—¨çƒ‚æ¢—,æ¬¢æ„‰ğŸ¤£,Fancia Dream #æ—©å®‰,,2024-10-14 19:15:12
[algo-randomzoo] éšæœºæ•°ç”Ÿæˆå™¨,/,Fancia Dream #æ—©å®‰,,2024-10-13 18:18:25
[algo-randomzoo] éšæœºæ•°ç”Ÿæˆå™¨,C++,asmend,ï¼ˆæ–°ç”Ÿï¼‰,2024-10-13 13:12:00
[algo-randomzoo] éšæœºæ•°ç”Ÿæˆå™¨,Python,Fancia Dream #æ—©å®‰,,2024-10-13 16:10:35
[algo-randomzoo] éšæœºæ•°ç”Ÿæˆå™¨,Go,ouuan #wpäº¤çš„pdfä½†åšå®¢æœ‰æºç ,,2024-10-13 17:36:54
[algo-ot] ä¸ç»æ„çš„é€†è½¬,/,Coinc1dens #ä»€ä¹ˆåŸæ¥é¢†å¥–å¯ä»¥ä¸æ­¢ä¸€å±Šå—,,2024-10-15 18:05:51
[algo-ot] ä¸ç»æ„çš„é€†è½¬,ğŸ—ç®€å•å¼€ä¸ªé”ï¸,asmend,ï¼ˆæ–°ç”Ÿï¼‰,2024-10-12 19:09:18
[algo-ot] ä¸ç»æ„çš„é€†è½¬,ğŸ”’ğŸ”’ğŸ”’ğŸ”’ğŸ”’,Coinc1dens #ä»€ä¹ˆåŸæ¥é¢†å¥–å¯ä»¥ä¸æ­¢ä¸€å±Šå—,,2024-10-15 18:05:40
[algo-codegolf] ç¥ç§˜è®¡ç®—å™¨,/,LZDQ #ç‹—ä½2=äº†ï¼,ï¼ˆæ–°ç”Ÿï¼‰,2024-10-12 18:59:28
[algo-codegolf] ç¥ç§˜è®¡ç®—å™¨,ç´ æ•°åˆ¤æ–­å‡½æ•°,asmend,ï¼ˆæ–°ç”Ÿï¼‰,2024-10-12 14:23:54
[algo-codegolf] ç¥ç§˜è®¡ç®—å™¨,Pellæ•°ï¼ˆä¸€ï¼‰,asmend,ï¼ˆæ–°ç”Ÿï¼‰,2024-10-12 13:14:50
[algo-codegolf] ç¥ç§˜è®¡ç®—å™¨,Pellæ•°ï¼ˆäºŒï¼‰,LZDQ #ç‹—ä½2=äº†ï¼,ï¼ˆæ–°ç”Ÿï¼‰,2024-10-12 18:59:28
